"symb_class_id"	"type"	"class"	"symbols"	"description"
8	"anything"	"anything"	"*"	"Single character symbol of anything"
14	"bond"	"aromatic_bond"	":"	"Single character symbol corresponding to the aromatic bond"
4	"atom"	"atom_bal"	"B, C, F, H, I, K, N, O, P, S, U, V, W, Y"	"Single character atom symbols of in-bracket aliphatic atoms"
7	"atom"	"atom_bal_2"	"Ac, Ag, Al, Am, Ar, As, At, Au, Ba, Be, Bh, Bi, Bk, Br, Ca, Cd, Ce, Cf, Cl, Cm, Cn, Co, Cr, Cs, Cu, Db, Ds, Dy, Er, Es, Eu, Fe, Fl, Fm, Fr, Ga, Gd, Ge, He, Hf, Hg, Ho, Hs, In, Ir, Kr, La, Li, Lr, Lu, Lv, Md, Mg, Mn, Mo, Mt, Na, Nb, Nd, Ne, Ni, No, Np, Os, Pa, Pb, Pd, Pm, Po, Pr, Pt, Pu, Ra, Rb, Re, Rf, Rg, Rh, Rn, Ru, Sb, Sc, Se, Sg, Si, Sm, Sn, Sr, Ta, Tb, Tc, Te, Th, Ti, Tl, Tm, Xe, Yb, Zn, Zr"	"Two-character atom symbols of in-bracket aliphatic atoms"
3	"atom"	"atom_bar"	"b, c, n, o, p, s"	"Single character atom symbols of aromatic atoms enclosed within brackets"
6	"atom"	"atom_bar_2"	"as, se, te"	"Two-character atom symbols of in-bracket aromatic atoms"
2	"atom"	"atom_oal"	"B, C, F, I, N, O, P, S"	"Single character atom symbols of organic (from so called organic subset) aliphatic atoms lacking the additional grammatical requirements and features"
5	"atom"	"atom_oal_2"	"Br, Cl"	"Two-character atom symbols of organic aliphatic atoms lacking the additional grammatical requirements and features"
1	"atom"	"atom_oar"	"b, c, n, o, p, s"	"Single character atom symbols of organic (from so called organic subset) aromatic atoms lacking the additional grammatical requirements and features"
20	"modifier"	"bm_ibe"	"(-, (#, ($, (., (:, (="	"Two-character bond multiplying symbols initiators of branching with explicit bond"
16	"modifier"	"bm_ibi"	"("	"Single character bond multiplying symbols initiators of branching with implicit bond"
21	"modifier"	"bm_ire_2"	"-0, -1, -2, -3, -4, -5, -6, -7, -8, -9, #0, #1, #2, #3, #4, #5, #6, #7, #8, #9, $0, $1, $2, $3, $4, $5, $6, $7, $8, $9, .0, .1, .2, .3, .4, .5, .6, .7, .8, .9, :0, :1, :2, :3, :4, :5, :6, :7, :8, :9, =0, =1, =2, =3, =4, =5, =6, =7, =8, =9"	"Two-character bond multiplying symbols initiators of rings with explicit bond"
23	"modifier"	"bm_ire_4"	"-%0, -%1, -%2, -%3, -%4, -%5, -%6, -%7, -%8, -%9, #%0, #%1, #%2, #%3, #%4, #%5, #%6, #%7, #%8, #%9, $%0, $%1, $%2, $%3, $%4, $%5, $%6, $%7, $%8, $%9, .%0, .%1, .%2, .%3, .%4, .%5, .%6, .%7, .%8, .%9, :%0, :%1, :%2, :%3, :%4, :%5, :%6, :%7, :%8, :%9, =%0, =%1, =%2, =%3, =%4, =%5, =%6, =%7, =%8, =%9"	"Four-character bond multiplying symbols initiators of rings with explicit bond"
17	"modifier"	"bm_iri"	"0, 1, 2, 3, 4, 5, 6, 7, 8, 9"	"Single character bond multiplying symbols initiators of rings with implicit bond"
22	"modifier"	"bm_iri_3"	"%01, %02, %03, %04, %05, %06, %07, %08, %09, %10, %11, %12, %13, %14, %15, %16, %17, %18, %19, %20, %21, %22, %23, %24, %25, %26, %27, %28, %29, %30, %31, %32, %33, %34, %35, %36, %37, %38, %39, %40, %41, %42, %43, %44, %45, %46, %47, %48, %49, %50, %51, %52, %53, %54, %55, %56, %57, %58, %59, %60, %61, %62, %63, %64, %65, %66, %67, %68, %69, %70, %71, %72, %73, %74, %75, %76, %77, %78, %79, %80, %81, %82, %83, %84, %85, %86, %87, %88, %89, %90, %91, %92, %93, %94, %95, %96, %97, %98, %99"	"Three-character bond multiplying symbols initiators of rings with implicit bond"
24	"modifier"	"bm_tbe_2"	")-, )#, )$, )., ):, )="	"Two-character bond multiplying symbols terminators of branching with explicit bond"
18	"modifier"	"bm_tbi"	")"	"Single character bond multiplying symbols terminators of branching with implicit bond"
25	"modifier"	"bm_tre_2"	"-0, -1, -2, -3, -4, -5, -6, -7, -8, -9, #0, #1, #2, #3, #4, #5, #6, #7, #8, #9, $0, $1, $2, $3, $4, $5, $6, $7, $8, $9, .0, .1, .2, .3, .4, .5, .6, .7, .8, .9, :0, :1, :2, :3, :4, :5, :6, :7, :8, :9, =0, =1, =2, =3, =4, =5, =6, =7, =8, =9"	"Two-character bond multiplying symbols terminators of rings with explicit bond"
26	"modifier"	"bm_tre_4"	"-%0, -%1, -%2, -%3, -%4, -%5, -%6, -%7, -%8, -%9, #%0, #%1, #%2, #%3, #%4, #%5, #%6, #%7, #%8, #%9, $%0, $%1, $%2, $%3, $%4, $%5, $%6, $%7, $%8, $%9, .%0, .%1, .%2, .%3, .%4, .%5, .%6, .%7, .%8, .%9, :%0, :%1, :%2, :%3, :%4, :%5, :%6, :%7, :%8, :%9, =%0, =%1, =%2, =%3, =%4, =%5, =%6, =%7, =%8, =%9"	"Four-character bond multiplying symbols terminators of rings with explicit bond"
19	"modifier"	"bm_tri"	"0, 1, 2, 3, 4, 5, 6, 7, 8, 9"	"Single character bond multiplying symbols terminators of rings with implicit bond"
27	"modifier"	"bm_tri_3"	"%01, %02, %03, %04, %05, %06, %07, %08, %09, %10, %11, %12, %13, %14, %15, %16, %17, %18, %19, %20, %21, %22, %23, %24, %25, %26, %27, %28, %29, %30, %31, %32, %33, %34, %35, %36, %37, %38, %39, %40, %41, %42, %43, %44, %45, %46, %47, %48, %49, %50, %51, %52, %53, %54, %55, %56, %57, %58, %59, %60, %61, %62, %63, %64, %65, %66, %67, %68, %69, %70, %71, %72, %73, %74, %75, %76, %77, %78, %79, %80, %81, %82, %83, %84, %85, %86, %87, %88, %89, %90, %91, %92, %93, %94, %95, %96, %97, %98, %99"	"Three-character bond multiplying symbols terminators of rings with implicit bond"
9	"Square bracket"	"bracket"	"[, ]"	"Single character symbols marking the start and the end of atom record including various properties"
37	"property"	"charge"	"-, +"	"Single character charge symbols"
38	"property"	"charge_2"	"--, ++"	"Two-character charge symbols"
39	"property"	"charge_m"	"-1, -10, -11, -12, -13, -14, -15, -2, -3, -4, -5, -6, -7, -8, -9, +1, +10, +11, +12, +13, +14, +15, +2, +3, +4, +5, +6, +7, +8, +9"	"Multicharacter charge symbols"
32	"property"	"chiral"	"@"	"Single character chirality symbol"
33	"property"	"chiral_2"	"@@"	"Two-character chirality symbol"
34	"property"	"chiral_m"	"@AL1, @AL2, @OH1, @OH10, @OH11, @OH12, @OH13, @OH14, @OH15, @OH16, @OH17, @OH18, @OH19, @OH2, @OH20, @OH21, @OH22, @OH23, @OH24, @OH25, @OH26, @OH27, @OH28, @OH29, @OH3, @OH30, @OH4, @OH5, @OH6, @OH7, @OH8, @OH9, @SP1, @SP2, @SP3, @TB1, @TB10, @TB11, @TB12, @TB13, @TB14, @TB15, @TB16, @TB17, @TB18, @TB19, @TB2, @TB20, @TB3, @TB4, @TB5, @TB6, @TB7, @TB8, @TB9, @TH1, @TH2"	"Multicharacter (four or five character) chirality symbols"
40	"property"	"class"	":0, :000, :001, :002, :003, :004, :005, :006, :007, :008, :009, :010, :011, :012, :013, :014, :015, :016, :017, :018, :019, :020, :021, :022, :023, :024, :025, :026, :027, :028, :029, :030, :031, :032, :033, :034, :035, :036, :037, :038, :039, :040, :041, :042, :043, :044, :045, :046, :047, :048, :049, :050, :051, :052, :053, :054, :055, :056, :057, :058, :059, :060, :061, :062, :063, :064, :065, :066, :067, :068, :069, :070, :071, :072, :073, :074, :075, :076, :077, :078, :079, :080, :081, :082, :083, :084, :085, :086, :087, :088, :089, :090, :091, :092, :093, :094, :095, :096, :097, :098, :099, :1, :100, :101, :102, :103, :104, :105, :106, :107, :108, :109, :110, :111, :112, :113, :114, :115, :116, :117, :118, :119, :120, :121, :122, :123, :124, :125, :126, :127, :128, :129, :130, :131, :132, :133, :134, :135, :136, :137, :138, :139, :140, :141, :142, :143, :144, :145, :146, :147, :148, :149, :150, :151, :152, :153, :154, :155, :156, :157, :158, :159, :160, :161, :162, :163, :164, :165, :166, :167, :168, :169, :170, :171, :172, :173, :174, :175, :176, :177, :178, :179, :180, :181, :182, :183, :184, :185, :186, :187, :188, :189, :190, :191, :192, :193, :194, :195, :196, :197, :198, :199, :2, :200, :201, :202, :203, :204, :205, :206, :207, :208, :209, :210, :211, :212, :213, :214, :215, :216, :217, :218, :219, :220, :221, :222, :223, :224, :225, :226, :227, :228, :229, :230, :231, :232, :233, :234, :235, :236, :237, :238, :239, :240, :241, :242, :243, :244, :245, :246, :247, :248, :249, :250, :251, :252, :253, :254, :255, :256, :257, :258, :259, :260, :261, :262, :263, :264, :265, :266, :267, :268, :269, :270, :271, :272, :273, :274, :275, :276, :277, :278, :279, :280, :281, :282, :283, :284, :285, :286, :287, :288, :289, :290, :291, :292, :293, :294, :295, :296, :297, :298, :299, :3, :300, :301, :302, :303, :304, :305, :306, :307, :308, :309, :310, :311, :312, :313, :314, :315, :316, :317, :318, :319, :320, :321, :322, :323, :324, :325, :326, :327, :328, :329, :330, :331, :332, :333, :334, :335, :336, :337, :338, :339, :340, :341, :342, :343, :344, :345, :346, :347, :348, :349, :350, :351, :352, :353, :354, :355, :356, :357, :358, :359, :360, :361, :362, :363, :364, :365, :366, :367, :368, :369, :370, :371, :372, :373, :374, :375, :376, :377, :378, :379, :380, :381, :382, :383, :384, :385, :386, :387, :388, :389, :390, :391, :392, :393, :394, :395, :396, :397, :398, :399, :4, :400, :401, :402, :403, :404, :405, :406, :407, :408, :409, :410, :411, :412, :413, :414, :415, :416, :417, :418, :419, :420, :421, :422, :423, :424, :425, :426, :427, :428, :429, :430, :431, :432, :433, :434, :435, :436, :437, :438, :439, :440, :441, :442, :443, :444, :445, :446, :447, :448, :449, :450, :451, :452, :453, :454, :455, :456, :457, :458, :459, :460, :461, :462, :463, :464, :465, :466, :467, :468, :469, :470, :471, :472, :473, :474, :475, :476, :477, :478, :479, :480, :481, :482, :483, :484, :485, :486, :487, :488, :489, :490, :491, :492, :493, :494, :495, :496, :497, :498, :499, :5, :500, :501, :502, :503, :504, :505, :506, :507, :508, :509, :510, :511, :512, :513, :514, :515, :516, :517, :518, :519, :520, :521, :522, :523, :524, :525, :526, :527, :528, :529, :530, :531, :532, :533, :534, :535, :536, :537, :538, :539, :540, :541, :542, :543, :544, :545, :546, :547, :548, :549, :550, :551, :552, :553, :554, :555, :556, :557, :558, :559, :560, :561, :562, :563, :564, :565, :566, :567, :568, :569, :570, :571, :572, :573, :574, :575, :576, :577, :578, :579, :580, :581, :582, :583, :584, :585, :586, :587, :588, :589, :590, :591, :592, :593, :594, :595, :596, :597, :598, :599, :6, :600, :601, :602, :603, :604, :605, :606, :607, :608, :609, :610, :611, :612, :613, :614, :615, :616, :617, :618, :619, :620, :621, :622, :623, :624, :625, :626, :627, :628, :629, :630, :631, :632, :633, :634, :635, :636, :637, :638, :639, :640, :641, :642, :643, :644, :645, :646, :647, :648, :649, :650, :651, :652, :653, :654, :655, :656, :657, :658, :659, :660, :661, :662, :663, :664, :665, :666, :667, :668, :669, :670, :671, :672, :673, :674, :675, :676, :677, :678, :679, :680, :681, :682, :683, :684, :685, :686, :687, :688, :689, :690, :691, :692, :693, :694, :695, :696, :697, :698, :699, :7, :700, :701, :702, :703, :704, :705, :706, :707, :708, :709, :710, :711, :712, :713, :714, :715, :716, :717, :718, :719, :720, :721, :722, :723, :724, :725, :726, :727, :728, :729, :730, :731, :732, :733, :734, :735, :736, :737, :738, :739, :740, :741, :742, :743, :744, :745, :746, :747, :748, :749, :750, :751, :752, :753, :754, :755, :756, :757, :758, :759, :760, :761, :762, :763, :764, :765, :766, :767, :768, :769, :770, :771, :772, :773, :774, :775, :776, :777, :778, :779, :780, :781, :782, :783, :784, :785, :786, :787, :788, :789, :790, :791, :792, :793, :794, :795, :796, :797, :798, :799, :8, :800, :801, :802, :803, :804, :805, :806, :807, :808, :809, :810, :811, :812, :813, :814, :815, :816, :817, :818, :819, :820, :821, :822, :823, :824, :825, :826, :827, :828, :829, :830, :831, :832, :833, :834, :835, :836, :837, :838, :839, :840, :841, :842, :843, :844, :845, :846, :847, :848, :849, :850, :851, :852, :853, :854, :855, :856, :857, :858, :859, :860, :861, :862, :863, :864, :865, :866, :867, :868, :869, :870, :871, :872, :873, :874, :875, :876, :877, :878, :879, :880, :881, :882, :883, :884, :885, :886, :887, :888, :889, :890, :891, :892, :893, :894, :895, :896, :897, :898, :899, :9, :900, :901, :902, :903, :904, :905, :906, :907, :908, :909, :910, :911, :912, :913, :914, :915, :916, :917, :918, :919, :920, :921, :922, :923, :924, :925, :926, :927, :928, :929, :930, :931, :932, :933, :934, :935, :936, :937, :938, :939, :940, :941, :942, :943, :944, :945, :946, :947, :948, :949, :950, :951, :952, :953, :954, :955, :956, :957, :958, :959, :960, :961, :962, :963, :964, :965, :966, :967, :968, :969, :970, :971, :972, :973, :974, :975, :976, :977, :978, :979, :980, :981, :982, :983, :984, :985, :986, :987, :988, :989, :990, :991, :992, :993, :994, :995, :996, :997, :998, :999"	"Multicharacter class symbols"
11	"bond"	"double_bond"	"="	"Single character symbol corresponding to the double bond"
35	"property"	"hydro"	"H"	"Single character hydrogen symbol"
36	"property"	"hydro_2"	"H2, H3, H4, H5, H6, H7, H8, H9"	"Two-character hydrogen symbols"
30	"property"	"isotope"	"1, 2, 3, 4, 5, 6, 7, 8, 9"	"Single character isotope symbols"
31	"property"	"isotope_m"	"00, 01, 010, 011, 012, 013, 014, 015, 016, 017, 018, 019, 02, 020, 021, 022, 023, 024, 025, 026, 027, 028, 029, 03, 030, 031, 032, 033, 034, 035, 036, 037, 038, 039, 04, 040, 041, 042, 043, 044, 045, 046, 047, 048, 049, 05, 050, 051, 052, 053, 054, 055, 056, 057, 058, 059, 06, 060, 061, 062, 063, 064, 065, 066, 067, 068, 069, 07, 070, 071, 072, 073, 074, 075, 076, 077, 078, 079, 08, 080, 081, 082, 083, 084, 085, 086, 087, 088, 089, 09, 090, 091, 092, 093, 094, 095, 096, 097, 098, 099, 10, 100, 101, 102, 103, 104, 105, 106, 107, 108, 109, 11, 110, 111, 112, 113, 114, 115, 116, 117, 118, 119, 12, 120, 121, 122, 123, 124, 125, 126, 127, 128, 129, 13, 130, 131, 132, 133, 134, 135, 136, 137, 138, 139, 14, 140, 141, 142, 143, 144, 145, 146, 147, 148, 149, 15, 150, 151, 152, 153, 154, 155, 156, 157, 158, 159, 16, 160, 161, 162, 163, 164, 165, 166, 167, 168, 169, 17, 170, 171, 172, 173, 174, 175, 176, 177, 178, 179, 18, 180, 181, 182, 183, 184, 185, 186, 187, 188, 189, 19, 190, 191, 192, 193, 194, 195, 196, 197, 198, 199, 20, 200, 201, 202, 203, 204, 205, 206, 207, 208, 209, 21, 210, 211, 212, 213, 214, 215, 216, 217, 218, 219, 22, 220, 221, 222, 223, 224, 225, 226, 227, 228, 229, 23, 230, 231, 232, 233, 234, 235, 236, 237, 238, 239, 24, 240, 241, 242, 243, 244, 245, 246, 247, 248, 249, 25, 250, 251, 252, 253, 254, 255, 256, 257, 258, 259, 26, 260, 261, 262, 263, 264, 265, 266, 267, 268, 269, 27, 270, 271, 272, 273, 274, 275, 276, 277, 278, 279, 28, 280, 281, 282, 283, 284, 285, 286, 287, 288, 289, 29, 290, 291, 292, 293, 294, 295, 296, 297, 298, 299, 30, 300, 301, 302, 303, 304, 305, 306, 307, 308, 309, 31, 310, 311, 312, 313, 314, 315, 316, 317, 318, 319, 32, 320, 321, 322, 323, 324, 325, 326, 327, 328, 329, 33, 330, 331, 332, 333, 334, 335, 336, 337, 338, 339, 34, 340, 341, 342, 343, 344, 345, 346, 347, 348, 349, 35, 350, 351, 352, 353, 354, 355, 356, 357, 358, 359, 36, 360, 361, 362, 363, 364, 365, 366, 367, 368, 369, 37, 370, 371, 372, 373, 374, 375, 376, 377, 378, 379, 38, 380, 381, 382, 383, 384, 385, 386, 387, 388, 389, 39, 390, 391, 392, 393, 394, 395, 396, 397, 398, 399, 40, 400, 401, 402, 403, 404, 405, 406, 407, 408, 409, 41, 410, 411, 412, 413, 414, 415, 416, 417, 418, 419, 42, 420, 421, 422, 423, 424, 425, 426, 427, 428, 429, 43, 430, 431, 432, 433, 434, 435, 436, 437, 438, 439, 44, 440, 441, 442, 443, 444, 445, 446, 447, 448, 449, 45, 450, 451, 452, 453, 454, 455, 456, 457, 458, 459, 46, 460, 461, 462, 463, 464, 465, 466, 467, 468, 469, 47, 470, 471, 472, 473, 474, 475, 476, 477, 478, 479, 48, 480, 481, 482, 483, 484, 485, 486, 487, 488, 489, 49, 490, 491, 492, 493, 494, 495, 496, 497, 498, 499, 50, 500, 501, 502, 503, 504, 505, 506, 507, 508, 509, 51, 510, 511, 512, 513, 514, 515, 516, 517, 518, 519, 52, 520, 521, 522, 523, 524, 525, 526, 527, 528, 529, 53, 530, 531, 532, 533, 534, 535, 536, 537, 538, 539, 54, 540, 541, 542, 543, 544, 545, 546, 547, 548, 549, 55, 550, 551, 552, 553, 554, 555, 556, 557, 558, 559, 56, 560, 561, 562, 563, 564, 565, 566, 567, 568, 569, 57, 570, 571, 572, 573, 574, 575, 576, 577, 578, 579, 58, 580, 581, 582, 583, 584, 585, 586, 587, 588, 589, 59, 590, 591, 592, 593, 594, 595, 596, 597, 598, 599, 60, 600, 601, 602, 603, 604, 605, 606, 607, 608, 609, 61, 610, 611, 612, 613, 614, 615, 616, 617, 618, 619, 62, 620, 621, 622, 623, 624, 625, 626, 627, 628, 629, 63, 630, 631, 632, 633, 634, 635, 636, 637, 638, 639, 64, 640, 641, 642, 643, 644, 645, 646, 647, 648, 649, 65, 650, 651, 652, 653, 654, 655, 656, 657, 658, 659, 66, 660, 661, 662, 663, 664, 665, 666, 667, 668, 669, 67, 670, 671, 672, 673, 674, 675, 676, 677, 678, 679, 68, 680, 681, 682, 683, 684, 685, 686, 687, 688, 689, 69, 690, 691, 692, 693, 694, 695, 696, 697, 698, 699, 70, 700, 701, 702, 703, 704, 705, 706, 707, 708, 709, 71, 710, 711, 712, 713, 714, 715, 716, 717, 718, 719, 72, 720, 721, 722, 723, 724, 725, 726, 727, 728, 729, 73, 730, 731, 732, 733, 734, 735, 736, 737, 738, 739, 74, 740, 741, 742, 743, 744, 745, 746, 747, 748, 749, 75, 750, 751, 752, 753, 754, 755, 756, 757, 758, 759, 76, 760, 761, 762, 763, 764, 765, 766, 767, 768, 769, 77, 770, 771, 772, 773, 774, 775, 776, 777, 778, 779, 78, 780, 781, 782, 783, 784, 785, 786, 787, 788, 789, 79, 790, 791, 792, 793, 794, 795, 796, 797, 798, 799, 80, 800, 801, 802, 803, 804, 805, 806, 807, 808, 809, 81, 810, 811, 812, 813, 814, 815, 816, 817, 818, 819, 82, 820, 821, 822, 823, 824, 825, 826, 827, 828, 829, 83, 830, 831, 832, 833, 834, 835, 836, 837, 838, 839, 84, 840, 841, 842, 843, 844, 845, 846, 847, 848, 849, 85, 850, 851, 852, 853, 854, 855, 856, 857, 858, 859, 86, 860, 861, 862, 863, 864, 865, 866, 867, 868, 869, 87, 870, 871, 872, 873, 874, 875, 876, 877, 878, 879, 88, 880, 881, 882, 883, 884, 885, 886, 887, 888, 889, 89, 890, 891, 892, 893, 894, 895, 896, 897, 898, 899, 90, 900, 901, 902, 903, 904, 905, 906, 907, 908, 909, 91, 910, 911, 912, 913, 914, 915, 916, 917, 918, 919, 92, 920, 921, 922, 923, 924, 925, 926, 927, 928, 929, 93, 930, 931, 932, 933, 934, 935, 936, 937, 938, 939, 94, 940, 941, 942, 943, 944, 945, 946, 947, 948, 949, 95, 950, 951, 952, 953, 954, 955, 956, 957, 958, 959, 96, 960, 961, 962, 963, 964, 965, 966, 967, 968, 969, 97, 970, 971, 972, 973, 974, 975, 976, 977, 978, 979, 98, 980, 981, 982, 983, 984, 985, 986, 987, 988, 989, 99, 990, 991, 992, 993, 994, 995, 996, 997, 998, 999"	"Multicharacter (from 2 to 3 characters) isotope symbols"
28	"modifier"	"l_ct"	"/, \"	"Cis/trans single character symbols on the left side of the rotary non-permissive bond"
15	"bond"	"no_bond"	"."	"Single character symbol corresponding to the absence of the bond"
13	"bond"	"quadruple_bond"	"$"	"Single character symbol corresponding to the quadruple bond"
29	"modifier"	"r_ct"	"/, \"	"Cis/trans single character symbols on the right side of the rotary non-permissive bond"
10	"bond"	"single_bond"	"-"	"Single character symbol corresponding to the single bond"
12	"bond"	"triple_bond"	"#"	"Single character symbol corresponding to the triple bond"
